{
  "timestamp": [
    1606366800,
    1606453200,
    1606539600,
    1606626000,
    1606712400,
    1606798800,
    1606885200,
    1606971600,
    1607058000,
    1607144400
  ],
  "negative": [
    148979519,
    150483950,
    151760885,
    152644033,
    153863841,
    155805555,
    156787587,
    158026052,
    159286709,
    160813704
  ],
  "percent_change": [
    null,
    1.0098240416523296,
    0.8485522874698503,
    0.58193387578096,
    0.7991193471676761,
    1.2619690158391483,
    0.6302933165637237,
    0.7898999045122146,
    0.7977526389129741,
    0.9586455829155183
  ]
}